"id";"registered";"email_address";"title";"first_name";"last_name";"address_line_1";"address_line_2";"city";"postcode";"phone_number"
1;"1900-01-01 00:00:00";"test";"mr";"test";"test";"test";"";"test";"test";"test"
2;"1900-01-01 00:02:00";"t";"t";"t";"t";"t";"t";"t";"t";"t"
4;"1900-01-01 00:02:00";"tt";"t";"t";"t";"t";"t";"t";"t";"t"
5;"2023-11-16 16:42:23";"ttt";"tt";"t";"t";"t";"t";"t";"t";"t"
6;"2023-11-16 16:49:42";"tttt";"tt";"t";"t";"t";"t";"t";"t";"t"
7;"2023-11-16 20:17:39";"testtt";"t";"t";"t";"tt";"t";"t";"t";"t"
8;"2023-11-16 20:18:27";"testttt";"t";"t";"t";"tt";"t";"t";"t";"t"
9;"2023-11-16 20:21:33";"testtttt";"t";"t";"t";"tt";"t";"t";"t";"t"
10;"2023-11-16 20:25:44";"testttttt";"t";"t";"t";"tt";"t";"t";"t";"t"
11;"2023-11-16 20:27:01";"testtttttt";"t";"t";"t";"tt";"t";"t";"t";"t"
12;"2023-11-16 20:35:39";"tfddfg@";"ttt";"t";"t";"t";"t";"t";"t";"t"
14;"2023-11-16 20:38:58";"tfddfg@1";"ttt";"t";"t";"t";"t";"t";"t";"t"
15;"2023-11-16 20:43:21";"dfgdfg@";"d";"d";"d";"d";"d";"d";"d";"d"
16;"2023-11-16 21:20:23";"dfgdfg@ddd";"d";"d";"d";"d";"d";"d";"d";"d"
17;"2023-11-16 21:23:47";"dfgdfg@dddd";"d";"d";"d";"d";"d";"d";"d";"d"
18;"2023-11-16 21:24:20";"dfgdfg@kk";"d";"d";"d";"d";"d";"d";"d";"d"
20;"2023-11-16 21:47:30";"dfgdfgdfg@g";"f";"f";"f";"f";"f";"f";"f";"f"
21;"2023-11-16 22:21:26";"test@test.co.uk";"tt";"tt";"t";"t";"t";"ttt";"t";"t"
22;"2023-11-16 22:34:38";"test@testtt.co.uk";"tt";"tt";"t";"t";"t";"t";"t";"t"
24;"2023-11-16 22:39:25";"test@testtt.co.uktt";"test";"test";"tt";"t";"t";"t";"t";"t"
29;"2023-11-17 13:17:18";"test@testttttt.co.uk";"mr";"james";"hodgson";"123 dsfgdfg rd";"towntown";"areaarea";"123 123";"10239491234"
31;"2023-11-17 13:57:01";"test@testttttttttt.co.uk";"Mr";"James";"asdasd";"asdasdasdasd";"asdasdasd";"asdasdasd";"asdasdasd";"345345345345"
33;"2023-11-17 13:57:49";"test@testttttttttttt.co.uk";"Mr";"James";"asdasd";"asdasdasdasd";"asdasdasd";"asdasdasd";"asdasdasd";"345345345345"
35;"2023-11-17 13:58:07";"test@testtttttsstttttt.co.uk";"Mr";"Adam";"asdasd";"asdasdasdasd";"asdasdasd";"asdasdasd";"asdasdasd";"345345345345"
36;"2023-11-17 14:05:41";"test@testtthgfhfghttttttt.co.uk";"mr";"James";"asdasd";"asdasdasdasd";"asdasdasd";"asdasdasd";"asdasdasd";"456456456456"
43;"2023-11-17 14:27:22";"hjkhkjkhj@hjk";"";"";"";"";"";"";"";""
50;"2023-11-17 14:34:38";"";"";"";"";"";"";"";"";""
51;"2023-11-17 14:35:06";"dfgdfg@dfgdfg";"";"";"";"";"";"";"";""
52;"2023-11-17 14:35:36";"dfgdfgdfg@dfgdfg";"";"";"";"";"";"";"";""
53;"2023-11-17 14:38:02";"dfgdfgdfgdfg@dfgdfg";"mr";"gf";"dgf";"dfgdfg";"";"";"fgfg";""
54;"2023-11-17 14:42:45";"fg@d";"mr";"fsgr";"dfg";"dfg";"dfg";"dfg";"dfg";"dfg"
55;"2023-11-17 14:56:41";"s@d";"asd";"asd";"asd";"asd";"asd";"asd";"asd";"asd"
56;"2023-11-17 14:57:52";"g@f";"fg";"fg";"fg";"fg";"fg";"fg";"fg";"fg"
57;"2023-11-17 14:58:55";"gh@j";"ghjj";"jhj";"ghj";"ghj";"ghj";"ghj";"ghj";"ghj"
58;"2023-11-17 15:00:10";"jk@kj";"fgh";"fgh";"fgh";"fgh";"fgh";"fgh";"fgh";"gh"
60;"2023-11-17 15:02:26";"g@fgg";"fgh";"fgh";"fgh";"fgh";"fgh";"fgh";"fgh";"fgh"
61;"2023-11-17 15:04:21";"sd@d";"dfs";"sdf";"sdf";"sdf";"ssdf";"sdf";"sdf";"sdf"
62;"2023-11-17 15:05:12";"dfgdfg@fggfgf";"dfg";"dfg";"dfg";"dfg";"dfg";"dfg";"dfg";"dfg"
63;"2023-11-17 15:07:48";"asd@g";"hghj";"ghj";"ghj";"ghj";"ghj";"ghj";"ghj";"ghj"
64;"2023-11-17 15:10:31";"f@f";"asd";"asd";"asd";"asd";"asd";"asd";"asd";"asd"
65;"2023-11-17 16:02:18";"test@testttttttttttttt.co.uk";"mr";"James";"asdasd";"asdasdasdasd";"asdasdasd";"asdasdasd";"asdasdasd";"09456456456"
66;"2023-11-17 16:05:44";"test@testtttttttttttt.co.uk";"Mr";"James";"asdasd";"asdasdasdasd";"asdasdasd";"asdasdasd";"asdasdasd";"09456456456"
67;"2023-11-17 16:10:08";"test@teeestttttttttt.co.uk";"mr";"James";"asdasd";"asdasdasdasd";"asdasdasd";"asdasdasd";"asdasdasd";"09456456456"
